statement ok
BEGIN;
SET TRANSACTION ISOLATION LEVEL READ COMMITTED;

query TTIBTTRB
SELECT * FROM A left join B ON A.ab=B.bb ORDER BY A.a,B.a;
----
a  2019-08-01 00:00:00 +0000 +0000  5  true   NULL  NULL                             NULL  NULL
c  2019-08-01 00:00:00 +0000 +0000  3  true   NULL  NULL                             NULL  NULL
d  2019-07-01 00:00:00 +0000 +0000  2  false  a     2019-07-01 00:00:00 +0000 +0000  5.5   true
d  2019-07-01 00:00:00 +0000 +0000  2  false  c     2019-07-01 00:00:00 +0000 +0000  3.3   true
m  2019-06-01 00:00:00 +0000 +0000  1  true   d     2019-06-01 00:00:00 +0000 +0000  2.2   false

statement ok
SELECT pg_sleep(3);

query TTIBTTRB
SELECT * FROM A left join B ON A.ab=B.bb ORDER BY A.a,B.a;
----
a  2019-08-01 00:00:00 +0000 +0000  5  true   NULL  NULL                             NULL  NULL
c  2019-08-01 00:00:00 +0000 +0000  3  true   NULL  NULL                             NULL  NULL
d  2019-06-01 00:00:00 +0000 +0000  2  false  d     2019-06-01 00:00:00 +0000 +0000  2.2   false
m  2019-06-01 00:00:00 +0000 +0000  1  true   d     2019-06-01 00:00:00 +0000 +0000  2.2   false

statement ok
SELECT pg_sleep(3);

query TTIBTTRB
SELECT * FROM A left join B ON A.ab=B.bb ORDER BY A.a,B.a;
----
a  2019-08-01 00:00:00 +0000 +0000  5  true   NULL  NULL                             NULL  NULL
c  2019-08-01 00:00:00 +0000 +0000  3  true   NULL  NULL                             NULL  NULL
d  2019-06-01 00:00:00 +0000 +0000  2  false  d     2019-06-01 00:00:00 +0000 +0000  2.2   false
m  2019-06-01 00:00:00 +0000 +0000  1  true   d     2019-06-01 00:00:00 +0000 +0000  2.2   false

statement ok
COMMIT;
