# LogicTest:default

query T
SELECT to_char('2020-08-24 16:18:20','HH24:MI:SS')
----
16:18:20

query T
SELECT to_char('2020-08-24','HH24:MI:SS')
----
00:00:00

query T
SELECT to_char('16:18:22'::time,'YYYY-MM-DD')
----
1970-01-01

query T
SELECT to_char('2020-08-24 16:18:20','YYYY-MM-DD HH24:MI:SS')
----
2020-08-24 16:18:20

query T
SELECT to_char('2020-08-24 16:18:20','HH')
----
04

query T
SELECT to_char('2020-08-24 16:18:20','HH24')
----
16

query T
SELECT to_char(date_trunc('hour', '2020-08-24 16:18:20'::timestamp),'YYYY-MM-DD HH24:MI:SS')
----
2020-08-24 16:00:00

# test 'interval'
query T
SELECT to_char('1y 12mon 32d 24h 60m 80s','YYYY-MM-DD HH:MI:SS')
----
0002-01-03 01:01:20

query T
SELECT to_char('1year 12month 32day 24hour 60minute 80second','YYYY-MM-DD HH:MI:SS')
----
0002-01-03 01:01:20

query T
SELECT to_char('1years 12months 32days 24hours 60minutes 80seconds','YYYY-MM-DD HH24:MI:SS')
----
0002-01-03 01:01:20

query T
SELECT to_char((date_trunc('day'::text, '2020-08-25 13:23:23'::timestamp) - date_trunc('day'::text, '2020-08-24 16:13:23'::timestamp)), 'DD'::text)
----
1

# test 'timestamptz'

query T
SELECT to_char('2020-09-14 16:17:18','YYYY-MM-DD HH24:MI:SS')
----
2020-09-14 16:17:18

query T
SELECT to_char('2020-09-14 16:17:18'::timestamp,'YYYY-MM-DD HH24:MI:SS')
----
2020-09-14 16:17:18

query T
SELECT to_char('2020-09-14 16:17:18'::timestamptz,'YYYY-MM-DD HH24:MI:SS')
----
2020-09-14 16:17:18

query BBBB
SELECT starts_with('',''),starts_with('AS',''),starts_with('as','a'),starts_with('as','as')
----
true true true true

query BBBB
SELECT starts_with('','a'),starts_with('AS','asd'),starts_with('as','asas'),starts_with('asd',' asd')
----
false false false false