# LogicTest: local local-opt local-parallel-stmts fakedist fakedist-opt fakedist-metadata

subtest serial_rowid

statement ok
CREATE TABLE serial (
  a SERIAL PRIMARY KEY,
  b INT DEFAULT 7,
  c SERIAL,
  UNIQUE INDEX (c)
)

query TT
SHOW CREATE TABLE serial
----
serial  CREATE TABLE serial (
        a SERIAL NOT NULL DEFAULT unique_rowid(),
        b INT NULL DEFAULT 7,
        c SERIAL NOT NULL DEFAULT unique_rowid(),
        CONSTRAINT "primary" PRIMARY KEY (a ASC),
        UNIQUE INDEX serial_c_key (c ASC),
        FAMILY "primary" (a, b, c)
)

statement ok
INSERT INTO serial (a, b) VALUES (1, 2), (DEFAULT, DEFAULT), (DEFAULT, 3)

statement ok
INSERT INTO serial (b) VALUES (2)

query III
SELECT count(DISTINCT a), count(DISTINCT b), count(DISTINCT c) FROM serial
----
4 3 4

statement error multiple default values specified for column "a" of table "s1"
CREATE TABLE s1 (a SERIAL DEFAULT 7)

statement error conflicting NULL/NOT NULL declarations for column "a" of table "s1"
CREATE TABLE s1 (a SERIAL NULL)

statement ok
CREATE TABLE smallbig (a SMALLSERIAL, b BIGSERIAL, c INT)

statement ok
INSERT INTO smallbig (c) VALUES (7), (7)

query TT
SHOW CREATE TABLE smallbig
----
smallbig  CREATE TABLE smallbig (
          a SMALLSERIAL NOT NULL DEFAULT unique_rowid16(),
          b BIGSERIAL NOT NULL DEFAULT unique_rowid(),
          c INT NULL,
          FAMILY "primary" (a, b, c, rowid)
)

query BII
SELECT count(DISTINCT a) >= 1, count(DISTINCT b), count(DISTINCT c) FROM smallbig
----
true 2 1

statement ok
CREATE TABLE serials (a SERIAL2, b SERIAL4, c SERIAL8, d INT)

query TT
SHOW CREATE TABLE serials
----
serials  CREATE TABLE serials (
         a SERIAL2 NOT NULL DEFAULT unique_rowid16(),
         b SERIAL4 NOT NULL DEFAULT unique_rowid32(),
         c SERIAL8 NOT NULL DEFAULT unique_rowid(),
         d INT NULL,
         FAMILY "primary" (a, b, c, d, rowid)
)

statement ok
INSERT INTO serials (d) VALUES (9), (9)

query BII
SELECT count(DISTINCT a) >= 1, count(DISTINCT b), count(DISTINCT c) FROM serials
----
true 2 2

statement ok
DROP TABLE serials, smallbig, serial


subtest serial_virtual_sequence

statement ok
SET experimental_serial_normalization = virtual_sequence

# Force the sequence for column "c" to bump to 2.
statement ok
CREATE SEQUENCE serial_c_seq; CREATE SEQUENCE serial_c_seq1

statement ok
CREATE TABLE serial (
  a SERIAL PRIMARY KEY,
  b INT DEFAULT 7,
  c SERIAL,
  UNIQUE INDEX (c)
)

query TT
SHOW CREATE TABLE serial
----
serial  CREATE TABLE serial (
        a SERIAL NOT NULL DEFAULT nextval('test.public.serial_a_seq'),
        b INT NULL DEFAULT 7,
        c SERIAL NOT NULL DEFAULT nextval('test.public.serial_c_seq2'),
        CONSTRAINT "primary" PRIMARY KEY (a ASC),
        UNIQUE INDEX serial_c_key (c ASC),
        FAMILY "primary" (a, b, c)
)

query TT
SHOW CREATE SEQUENCE serial_a_seq
----
serial_a_seq  CREATE SEQUENCE serial_a_seq MINVALUE 1 MAXVALUE 9223372036854775807 INCREMENT 1 START WITH 1 VIRTUAL

statement ok
INSERT INTO serial (a, b) VALUES (1, 2), (DEFAULT, DEFAULT), (DEFAULT, 3)

statement ok
INSERT INTO serial (b) VALUES (2)

query III
SELECT count(DISTINCT a), count(DISTINCT b), count(DISTINCT c) FROM serial
----
4 3 4

statement error multiple default values specified for column "a" of table "s1"
CREATE TABLE s1 (a SERIAL DEFAULT 7)

statement error conflicting NULL/NOT NULL declarations for column "a" of table "s1"
CREATE TABLE s1 (a SERIAL NULL)

statement ok
CREATE TABLE smallbig (a SMALLSERIAL, b BIGSERIAL, c INT)

statement ok
INSERT INTO smallbig (c) VALUES (7), (7)

query TT
SHOW CREATE TABLE smallbig
----
smallbig  CREATE TABLE smallbig (
          a SMALLSERIAL NOT NULL DEFAULT nextval16('test.public.smallbig_a_seq'),
          b BIGSERIAL NOT NULL DEFAULT nextval('test.public.smallbig_b_seq'),
          c INT  NULL,
          FAMILY "primary" (a, b, c, rowid)
)

query BII
SELECT count(DISTINCT a) >= 1, count(DISTINCT b), count(DISTINCT c) FROM smallbig
----
true 2 1

statement ok
CREATE TABLE serials (a SERIAL2, b SERIAL4, c SERIAL8, d INT)

query TT
SHOW CREATE TABLE serials
----
serials  CREATE TABLE serials (
         a SERIAL2 NOT NULL DEFAULT nextval16('test.public.serials_a_seq'),
         b SERIAL4 NOT NULL DEFAULT nextval32('test.public.serials_b_seq'),
         c SERIAL8 NOT NULL DEFAULT nextval('test.public.serials_c_seq'),
         d INT NULL,
         FAMILY "primary" (a, b, c, d, rowid)
)

statement ok
INSERT INTO serials (d) VALUES (9), (9)

query BII
SELECT count(DISTINCT a) >= 1, count(DISTINCT b), count(DISTINCT c) FROM serials
----
true 2 2

statement ok
DROP TABLE serials, smallbig, serial


subtest serial_sql_sequence

statement ok
SET experimental_serial_normalization = sql_sequence

statement ok
CREATE TABLE serial (
  a SERIAL PRIMARY KEY,
  b INT DEFAULT 7,
  c SERIAL,
  UNIQUE INDEX (c)
)

query TT
SHOW CREATE TABLE serial
----
serial  CREATE TABLE serial (
        a SERIAL NOT NULL DEFAULT nextval('test.public.serial_a_seq'),
        b INT NULL DEFAULT 7,
        c SERIAL NOT NULL DEFAULT nextval('test.public.serial_c_seq2'),
        CONSTRAINT "primary" PRIMARY KEY (a ASC),
        UNIQUE INDEX serial_c_key (c ASC),
        FAMILY "primary" (a, b, c)
)

query TT
SHOW CREATE SEQUENCE serial_a_seq
----
serial_a_seq  CREATE SEQUENCE serial_a_seq MINVALUE 1 MAXVALUE 9223372036854775807 INCREMENT 1 START WITH 1

statement ok
INSERT INTO serial (a, b) VALUES (0, 2), (DEFAULT, DEFAULT), (DEFAULT, 3)

statement ok
INSERT INTO serial (b) VALUES (2)

query III
SELECT count(DISTINCT a), count(DISTINCT b), count(DISTINCT c) FROM serial
----
4  3  4

statement error multiple default values specified for column "a" of table "s1"
CREATE TABLE s1 (a SERIAL DEFAULT 7)

statement error conflicting NULL/NOT NULL declarations for column "a" of table "s1"
CREATE TABLE s1 (a SERIAL NULL)

statement ok
CREATE TABLE smallbig (a SMALLSERIAL, b BIGSERIAL, c INT)

statement ok
INSERT INTO smallbig (c) VALUES (7), (7)

query TT
SHOW CREATE TABLE smallbig
----
smallbig  CREATE TABLE smallbig (
          a SMALLSERIAL NOT NULL DEFAULT nextval16('test.public.smallbig_a_seq'),
          b BIGSERIAL NOT NULL DEFAULT nextval('test.public.smallbig_b_seq'),
          c INT NULL,
          FAMILY "primary" (a, b, c, rowid)
)

query BII
SELECT count(DISTINCT a) >= 1, count(DISTINCT b), count(DISTINCT c) FROM smallbig
----
true 2 1

statement ok
CREATE TABLE serials (a SERIAL2, b SERIAL4, c SERIAL8, d INT)

query TT
SHOW CREATE TABLE serials
----
serials  CREATE TABLE serials (
         a SERIAL2 NOT NULL DEFAULT nextval16('test.public.serials_a_seq'),
         b SERIAL4 NOT NULL DEFAULT nextval32('test.public.serials_b_seq'),
         c SERIAL8 NOT NULL DEFAULT nextval('test.public.serials_c_seq'),
         d INT NULL,
         FAMILY "primary" (a, b, c, d, rowid)
)

statement ok
INSERT INTO serials (d) VALUES (9), (9)

query BII
SELECT count(DISTINCT a) >= 1, count(DISTINCT b), count(DISTINCT c) FROM serials
----
true 2 2

statement ok
DROP TABLE serials, smallbig, serial
