statement ok
BEGIN;

query III
SELECT * FROM a;
----
1  1  1
1  2  2
1  3  0

query II
SELECT * FROM b;
----
1  3

statement ok
COMMIT;