statement ok
SELECT pg_sleep(1);

statement ok
BEGIN;

statement ok
SET TRANSACTION ISOLATION LEVEL READ COMMITTED;

query II
SELECT * FROM t;
----
1  1
2  2
3  3

statement ok
SELECT pg_sleep(1);

statement ok
SELECT pg_sleep(1);

query II
SELECT * FROM t;
----
1  1
2  2
3  3

statement ok
UPDATE t SET b=b+1 WHERE a =2;

query II
SELECT * FROM t;
----
1  1
2  5
3  3

statement ok
COMMIT;


