statement ok
BEGIN;
SET TRANSACTION ISOLATION LEVEL READ COMMITTED;

query TI
SELECT * FROM T;
----
A  1
C  2
D  2

statement ok
SELECT pg_sleep(3);

query TI
SELECT * FROM T;
----
A  1
C  2
D  2

statement ok
SELECT pg_sleep(2);

query TI
SELECT * FROM T;
----
A  1
C  1
D  1

statement ok
SELECT pg_sleep(2);

query TI
SELECT * FROM T;
----
A  1
B  1
C  1
D  1

statement ok
COMMIT;
