statement ok
BEGIN TRANSACTION ISOLATION LEVEL READ COMMITTED;

query II
SELECT * FROM T ORDER BY a DESC;
----
3 3
2 2
1 1

statement ok
SELECT pg_sleep(3);

query II
SELECT * FROM T ORDER BY a DESC;
----
3 3
2 2
1 1

statement ok
SELECT pg_sleep(2);

query II
SELECT * FROM T ORDER BY a DESC;
----
3 4
2 2
1 1

statement ok
SELECT pg_sleep(300);

statement ok
COMMIT;
