statement ok
BEGIN;
SET TRANSACTION ISOLATION LEVEL READ COMMITTED;
SELECT pg_sleep(2);

query I
SELECT * FROM T;
----
2
3

statement ok
SELECT pg_sleep(2);

query I
SELECT * FROM T;
----
3
4

statement ok
SELECT pg_sleep(3);

query I
SELECT * FROM T;
----
1
3
4
