statement ok
BEGIN TRANSACTION ISOLATION LEVEL READ COMMITTED;

statement ok
INSERT INTO t VALUES(3, 3),(7, 7);

query II
SELECT * FROM t;
----
1  1
2  2
3  3
4  4
5  5
7  7

statement ok
SELECT pg_sleep(4);

statement ok
DELETE FROM t WHERE a = 3;

query II
SELECT * FROM t;
----
1  8
2  8
4  4
5  5
7  7
8  8

statement ok
COMMIT;