statement ok
BEGIN;

query TTIBTTRB
SELECT * FROM A full join B ON A.ab=B.bb ORDER BY A.a, B.a;
----
NULL  NULL                             NULL  NULL   a     2019-07-01 00:00:00 +0000 +0000  5.5   true
NULL  NULL                             NULL  NULL   c     2019-07-01 00:00:00 +0000 +0000  3.3   true
NULL  NULL                             NULL  NULL   n     2019-05-01 00:00:00 +0000 +0000  1.1   true
NULL  NULL                             NULL  NULL   u     2019-08-14 00:00:00 +0000 +0000  3.3   true
a     2019-08-01 00:00:00 +0000 +0000  5     true   NULL  NULL                             NULL  NULL
c     2019-08-01 00:00:00 +0000 +0000  3     true   NULL  NULL                             NULL  NULL
d     2019-06-01 00:00:00 +0000 +0000  2     false  d     2019-06-01 00:00:00 +0000 +0000  2.2   false
m     2019-06-01 00:00:00 +0000 +0000  1     true   d     2019-06-01 00:00:00 +0000 +0000  2.2   false

query TTRB
SELECT * FROM B;
----
a  2019-07-01 00:00:00 +0000 +0000  5.5  true
c  2019-07-01 00:00:00 +0000 +0000  3.3  true
d  2019-06-01 00:00:00 +0000 +0000  2.2  false
n  2019-05-01 00:00:00 +0000 +0000  1.1  true
u  2019-08-14 00:00:00 +0000 +0000  3.3  true
